{
  "ETH/USDT": [
    {
      "type": "s",
      "indicator": "PRICE",
      "comparison": "ABOVE",
      "target": 1500,
      "params": {},
      "trigger": {
        "cooldown_seconds": null,
        "last_triggered": 0
      }
    },
    {
      "type": "s",
      "indicator": "PRICE",
      "comparison": "BELOW",
      "target": 1,
      "params": {},
      "trigger": {
        "cooldown_seconds": null,
        "last_triggered": 0
      }
    },
    {
      "type": "s",
      "indicator": "PRICE",
      "comparison": "PCTCHG",
      "entry": 2000,
      "target": 10.0,
      "params": {},
      "trigger": {
        "cooldown_seconds": 300,
        "last_triggered": 0
      }
    },
    {
      "type": "t",
      "indicator": "MA",
      "comparison": "ABOVE",
      "interval": "1d",
      "params": {"period": 30},
      "output_value": "value",
      "target": 1000.00,
      "trigger": {
        "cooldown_seconds": null,
        "last_triggered": 0
      }
    }
  ]
}